{
    "rmse": 0.7635780585412345,
    "mae": 0.583051451485601,
    "r2": 0.2641715775178711
}